# Verified SRA runs, one row per run (a sample can have several runs).
# Source: NCBI SRA runinfo for each GEO series. Never add unverified accessions.
# Fetch with: bash data/fetch_data.sh <dataset>

dataset	gsm	run	sample	assay	layout	read_len
GSE201842	GSM6077020	SRR18970070	Jarid2_IP_A	chip	SINGLE	51
GSE201842	GSM6077021	SRR18970069	Jarid2_IP_B	chip	SINGLE	51
GSE201842	GSM6077022	SRR18970067	Jarid2_input	chip	SINGLE	51
GSE201842	GSM6077022	SRR18970068	Jarid2_input	chip	SINGLE	51
GSE201842	GSM6077023	SRR18970066	Pcl_IP_A	chip	SINGLE	51
GSE201842	GSM6077024	SRR18970065	Pcl_IP_B	chip	SINGLE	51
GSE201842	GSM6077025	SRR18970063	Pcl_input	chip	SINGLE	51
GSE201842	GSM6077025	SRR18970064	Pcl_input	chip	SINGLE	51
